model,object,test_mae,test_mse,test_r2,test_rmse,test_mape
generation,solar_30k,2.403891958841174,17.163197949517535,0.5549099465203469,4.142849013603747,88652946246505.44
generation,solar_5k,0.3194165201564135,0.3257115557622041,0.6134657290742995,0.5707114470222269,260009274063794.22
